time_ns,arm1_A,arm2_A,arm3_A
0.000000,25.219489,17.709360,15.453547
0.001000,22.426859,11.154728,19.840458
0.002000,18.073017,7.126511,17.054467
0.003000,18.613147,4.416296,17.818090
0.004000,18.920369,6.279461,13.864641
0.005000,19.526828,4.193768,14.411651
0.006000,11.987168,10.995468,14.992762
0.007000,21.676194,12.846709,12.201757
0.008000,25.366161,17.242153,12.398089
0.009000,19.896819,16.025240,12.318503
0.010000,25.445758,16.152097,11.663937
0.011000,23.706369,14.215370,10.742425
0.012000,26.285902,15.477465,10.721064
0.013000,33.905554,20.155928,9.577972
0.014000,33.399764,18.481956,8.625326
0.015000,32.016110,26.952494,9.144683
0.016000,22.114698,18.824277,9.136631
0.017000,26.932115,18.691707,7.046262
0.018000,30.260155,19.144336,9.529721
0.019000,29.949589,18.371587,6.729945
0.020000,28.818870,18.215585,7.914451
0.021000,22.771227,14.961088,8.040776
0.022000,17.596189,11.995207,11.673434
0.023000,17.854098,11.444002,11.486550
0.024000,10.387354,15.474846,11.164334
0.025000,14.098461,16.059770,11.997175
0.026000,11.769760,15.775228,11.451006
0.027000,11.724370,16.359453,8.162895
0.028000,11.893914,21.767013,11.971260
0.029000,11.132746,17.100297,12.933401
0.030000,15.531587,14.259105,18.821102
0.031000,12.530435,14.348792,18.762837
0.032000,4.552656,10.366834,15.543311
0.033000,8.918232,19.039251,14.816636
0.034000,20.272594,18.689887,15.979129
0.035000,21.066364,14.390178,10.922328
0.036000,23.219234,9.657796,13.120282
0.037000,16.983439,7.360674,13.016105
0.038000,11.650054,5.050654,9.791895
0.039000,15.611044,5.812549,9.236151
0.040000,15.145112,7.409925,8.900247
0.041000,17.097622,5.909408,7.085017
0.042000,15.794425,7.347657,8.556159
0.043000,19.471391,8.740253,5.936637
0.044000,18.221275,6.148733,10.734341
0.045000,16.620745,5.096619,8.283810
0.046000,17.259261,5.069905,5.436131
0.047000,14.123230,4.806385,5.058776
0.048000,10.230965,5.577904,8.532020
0.049000,8.063091,5.753118,6.832740
0.050000,8.216189,5.022698,4.619405
0.051000,5.819259,5.044039,7.132299
0.052000,8.548748,4.742087,9.058831
0.053000,4.804792,4.188369,11.646441
0.054000,4.485797,4.150344,13.086458
0.055000,5.931729,5.299583,12.687981
0.056000,9.987423,5.571025,9.251197
0.057000,6.617849,6.013142,12.914188
0.058000,6.361977,8.733305,19.601651
0.059000,9.042291,10.178145,18.396168
0.060000,9.879727,8.405220,15.736034
0.061000,11.542753,8.844272,19.163367
0.062000,16.124286,10.207709,15.264591
0.063000,21.677961,14.453807,15.135105
0.064000,13.783756,12.245495,19.568524
0.065000,12.158786,12.316794,25.901229
0.066000,8.538927,12.040685,27.469708
0.067000,6.368536,11.939662,25.527187
0.068000,7.118756,13.111199,18.723301
0.069000,8.759703,12.184030,19.991632
0.070000,7.296888,10.071618,18.345766
0.071000,6.563066,11.124993,18.093198
0.072000,14.905631,15.081055,18.185985
0.073000,14.101175,17.306865,18.104507
0.074000,15.154946,22.430838,21.881422
0.075000,21.392040,26.545923,20.994095
0.076000,26.915918,22.077436,20.057353
0.077000,26.537145,20.992045,21.188293
0.078000,22.295052,23.506618,23.047234
0.079000,25.155643,25.700506,20.997788
0.080000,24.054300,23.719550,20.979796
0.081000,18.204771,22.647545,19.545808
0.082000,24.914220,27.149446,19.407996
0.083000,26.133222,25.865737,16.947858
0.084000,22.227775,28.721650,17.771593
0.085000,32.718178,34.676044,20.284233
0.086000,33.600962,26.688884,19.035279
0.087000,28.683943,25.620279,21.211539
0.088000,35.149409,25.022986,22.381655
0.089000,35.314962,29.436540,23.311934
0.090000,35.281193,30.137209,28.871641
0.091000,33.942936,30.903726,24.094341
0.092000,36.147288,32.893606,24.081727
0.093000,29.099648,24.489597,22.936952
0.094000,35.438003,33.512079,25.274912
0.095000,31.066282,27.592283,27.623291
0.096000,36.803713,33.804743,29.900838
0.097000,40.790012,35.866147,29.284584
0.098000,43.409931,34.437989,21.202536
0.099000,38.655087,32.872326,19.582270
0.100000,36.823649,27.593871,14.401494
0.101000,37.798214,29.558566,24.773120
0.102000,33.364549,24.147011,22.840324
0.103000,24.189603,21.370458,16.175478
0.104000,22.601575,19.913502,13.621823
0.105000,22.308408,21.521576,17.479988
0.106000,19.318864,18.776349,19.000758
0.107000,16.368488,24.639362,14.069672
0.108000,30.508176,30.719515,14.318366
0.109000,30.420483,33.246345,19.019239
0.110000,15.898858,25.624007,9.649359
0.111000,20.851152,28.694967,14.574403
0.112000,25.943663,27.065731,14.736939
0.113000,31.715836,27.858638,19.513996
0.114000,34.862709,23.813176,19.499747
0.115000,36.099405,24.149253,16.367314
0.116000,33.817926,29.155254,15.073987
0.117000,28.508847,34.736756,19.614591
0.118000,29.609526,33.483840,11.233793
0.119000,37.224986,27.817394,17.827962
0.120000,30.183921,17.507655,15.422356
0.121000,31.337445,23.602451,17.238889
0.122000,33.233163,26.250458,18.674413
0.123000,39.626729,24.626891,26.283311
0.124000,27.832663,16.318368,20.162655
0.125000,26.763212,19.224409,24.586520
0.126000,26.478264,19.420118,23.554285
0.127000,24.724172,23.385841,24.254244
0.128000,24.204725,17.294494,25.758686
0.129000,23.900927,20.015928,16.436401
0.130000,25.001635,25.372737,13.688018
0.131000,26.877334,27.394446,17.983197
0.132000,25.990576,27.255341,15.117135
0.133000,27.954298,25.305923,20.974354
0.134000,34.238314,26.216624,16.287614
0.135000,30.975017,20.671959,13.962308
0.136000,31.179289,26.783229,17.531890
0.137000,33.710294,27.677623,12.373711
0.138000,26.008305,23.830472,12.500584
0.139000,25.569742,26.373621,10.184982
0.140000,20.035503,17.310074,20.164986
0.141000,23.800483,16.227079,16.905851
0.142000,22.150089,19.922984,17.439970
0.143000,20.499356,23.418041,18.290267
0.144000,18.654418,14.694037,18.638090
0.145000,20.919845,12.961135,16.262978
0.146000,22.989965,14.620660,16.802571
0.147000,20.519414,11.755311,5.457933
0.148000,20.096573,14.238257,10.328586
0.149000,13.448238,14.276668,12.620066
0.150000,12.382737,15.666613,12.121209
0.151000,14.511571,19.814187,15.477930
0.152000,22.699531,17.037394,12.860916
0.153000,19.478867,12.825478,11.916555
0.154000,21.835017,13.220459,17.738040
0.155000,22.206841,12.729736,18.491153
0.156000,23.634058,12.830087,19.816569
0.157000,20.587922,15.199430,24.215242
0.158000,17.132214,6.725522,18.788283
0.159000,18.351075,8.117963,17.915883
0.160000,18.930238,9.066817,15.580225
0.161000,17.764281,9.507525,24.927789
0.162000,23.465446,11.763004,15.691396
0.163000,21.295805,9.646935,14.505447
0.164000,17.609450,13.893448,13.146978
0.165000,11.299802,16.356414,10.630337
0.166000,9.155827,10.285174,13.066616
0.167000,12.224471,10.499910,14.312984
0.168000,9.646920,12.259587,17.423089
0.169000,9.558761,11.146398,14.908772
0.170000,12.167165,13.221117,15.275803
0.171000,8.221096,9.314018,16.408247
0.172000,6.336156,11.486232,19.185899
0.173000,8.955051,10.126274,19.074809
0.174000,10.624800,14.451726,14.592656
0.175000,11.658172,11.862125,13.166965
0.176000,12.410445,15.873374,16.075284
0.177000,13.568000,19.453876,15.970510
0.178000,18.545958,16.993156,14.368025
0.179000,24.320121,14.816353,10.948235
0.180000,21.718027,11.795851,10.889266
0.181000,16.429429,14.906841,12.003748
0.182000,18.427292,19.017659,14.633204
0.183000,16.024977,16.966695,14.079616
0.184000,22.228470,22.475980,16.211437
0.185000,22.432907,27.313380,14.062576
0.186000,26.105402,28.419783,17.581391
0.187000,20.123578,27.886780,12.591390
0.188000,19.867303,26.365034,16.002070
0.189000,22.022141,28.126993,14.556598
0.190000,22.745900,33.808511,17.167829
0.191000,25.267799,33.235419,18.752875
0.192000,28.246585,31.830703,25.392709
0.193000,21.663401,30.994522,26.022179
0.194000,14.500416,23.165286,21.177979
0.195000,26.177025,28.274900,20.718280
0.196000,30.957505,33.574706,23.288016
0.197000,30.601863,34.432475,19.152818
0.198000,27.783010,32.522481,24.375805
0.199000,25.891831,31.878608,27.109179
0.200000,31.129207,36.392657,26.610331
0.201000,32.826028,32.292642,23.657527
0.202000,32.180913,32.622435,17.504413
0.203000,26.782602,25.257391,19.245691
0.204000,32.384553,28.656582,23.199806
0.205000,39.263619,40.753641,22.405390
0.206000,37.023276,35.218344,13.932234
0.207000,28.811344,33.577000,14.469834
0.208000,34.979736,34.241328,21.204254
0.209000,33.106679,29.253174,20.350909
0.210000,31.469136,28.652876,14.175944
0.211000,41.612976,28.698620,15.738998
0.212000,33.199921,25.848967,13.236473
0.213000,41.637029,37.490355,20.749459
0.214000,34.159426,38.557038,25.710596
0.215000,31.001277,26.887866,23.295927
0.216000,25.342392,17.118283,21.063363
0.217000,22.081785,16.086723,15.928964
0.218000,21.723996,16.148820,11.731180
0.219000,20.136030,18.011981,9.457677
0.220000,22.612458,11.115923,9.428389
0.221000,20.191467,10.765161,6.504323
0.222000,22.073395,13.712558,5.346284
0.223000,23.548577,12.714792,9.769547
0.224000,20.673576,11.248634,8.819242
0.225000,26.030831,12.406495,12.220461
0.226000,19.237367,12.883513,15.924234
0.227000,19.817924,10.199996,17.564262
0.228000,11.256576,10.157244,18.581884
0.229000,18.976198,10.531390,21.113905
0.230000,14.740291,13.085134,20.231891
0.231000,19.949518,9.637488,17.140211
0.232000,21.277324,11.561085,20.084229
0.233000,11.945458,13.190813,20.096877
0.234000,11.290569,11.038291,19.178738
0.235000,19.575417,21.667072,26.237109
0.236000,18.970069,14.937731,19.603819
0.237000,20.428724,21.113586,16.008508
0.238000,26.778618,24.961597,20.709015
0.239000,32.679498,29.375477,22.719504
0.240000,30.026798,25.325766,14.155514
0.241000,20.906367,17.308869,13.056160
0.242000,24.592747,19.448272,12.461623
0.243000,27.149923,15.456014,10.478784
0.244000,30.118019,18.781075,12.104144
0.245000,34.195221,25.417377,18.391752
0.246000,31.887743,23.444685,15.437997
0.247000,29.893928,20.315476,18.436835
0.248000,36.870387,30.463705,15.539147
0.249000,30.629341,30.272982,19.233551
0.250000,28.006564,36.431788,21.331341
0.251000,20.344106,30.030174,22.945395
0.252000,23.314472,29.667762,29.420693
0.253000,21.257393,20.272933,24.224630
0.254000,19.698977,25.220140,24.092996
0.255000,18.640874,30.394163,28.273627
0.256000,25.981370,23.783099,23.593457
0.257000,25.536197,27.908924,26.311799
0.258000,21.426558,21.389995,16.058750
0.259000,22.399825,29.437759,21.337193
0.260000,24.776977,25.292415,22.346819
0.261000,23.804613,27.710597,23.041879
0.262000,17.327155,28.345485,21.275461
0.263000,18.772918,28.371261,19.002250
0.264000,15.556186,27.893847,20.299543
0.265000,18.387908,22.777577,13.223083
0.266000,29.857291,28.478877,19.393667
0.267000,16.018529,25.970118,20.326483
0.268000,15.367113,25.787572,19.640039
0.269000,16.097475,27.076166,14.235569
0.270000,16.108020,25.798400,11.477332
0.271000,12.988355,25.104270,11.348850
0.272000,18.550760,22.331612,13.051672
0.273000,17.347502,23.999327,12.180145
0.274000,19.770363,22.065148,12.630260
0.275000,21.334652,25.488113,15.375443
0.276000,22.456516,25.496409,12.265544
0.277000,22.516731,29.165465,16.328677
0.278000,22.025575,30.418277,13.578030
0.279000,28.787954,30.198095,20.816886
0.280000,26.627961,22.156894,26.428136
0.281000,25.731759,25.992902,28.575449
0.282000,27.581867,18.722713,27.555010
0.283000,31.618696,20.994837,25.536909
0.284000,30.562043,24.351601,23.735409
0.285000,21.409981,23.211241,20.910100
0.286000,21.989047,23.447415,22.345577
0.287000,14.949873,18.421455,17.026941
0.288000,13.018469,18.993789,16.274797
0.289000,11.294549,21.765402,21.579922
0.290000,14.385511,15.739912,17.686222
0.291000,19.737835,16.106886,19.307474
0.292000,13.677944,16.355134,17.785886
0.293000,17.780477,13.771711,16.381157
0.294000,18.766785,14.964243,16.679570
0.295000,21.088916,15.932182,15.931490
0.296000,20.703699,13.170947,11.689180
0.297000,19.372868,14.176262,15.921926
0.298000,18.779937,7.801971,12.595890
0.299000,14.373603,8.394709,8.541523
0.300000,21.898007,6.404470,8.820678
0.301000,19.053493,7.172403,8.955266
0.302000,17.960754,4.368115,8.253871
0.303000,18.997808,7.158035,10.045609
0.304000,18.863080,4.368495,12.191385
0.305000,21.005589,6.335736,13.186538
0.306000,19.313348,7.362827,9.384231
0.307000,18.539889,9.695944,7.833374
0.308000,25.753229,11.728814,8.150476
0.309000,21.152028,11.106431,7.104116
0.310000,21.660631,12.592866,7.488958
0.311000,23.839919,12.605965,6.128798
0.312000,20.599924,7.439895,7.716301
0.313000,21.146164,9.553037,6.250318
0.314000,16.532740,11.411116,6.094816
0.315000,21.542504,9.090190,5.237793
0.316000,16.248511,14.776721,3.643048
0.317000,14.442312,8.210610,4.001610
0.318000,18.018581,6.502792,8.715090
0.319000,11.514715,6.456942,8.311395
0.320000,11.272236,5.498911,6.692079
0.321000,11.321457,5.235544,6.848892
0.322000,12.820308,3.996613,5.368850
0.323000,17.831569,6.612717,4.991405
0.324000,12.780047,10.507808,5.684825
0.325000,12.779036,13.020804,5.859709
0.326000,13.827011,14.279550,4.827405
0.327000,12.810122,10.288084,6.315363
0.328000,20.073612,11.956147,7.747675
0.329000,20.912908,11.353605,9.368043
0.330000,30.326059,17.090190,8.312546
0.331000,25.998900,17.232840,6.571798
0.332000,33.997410,23.318658,13.275554
0.333000,41.382627,30.676782,18.822088
0.334000,41.996009,32.711963,20.286064
0.335000,38.049463,26.716530,19.358382
0.336000,29.651856,23.382891,14.624523
0.337000,22.123239,23.534610,11.629894
0.338000,28.508453,20.428203,9.503435
0.339000,25.347920,25.541256,5.553661
0.340000,27.026465,26.559811,6.846156
0.341000,27.516070,36.753718,10.314762
0.342000,42.669062,45.660934,17.987359
0.343000,34.522229,34.345312,16.378852
0.344000,45.776519,35.725943,17.197036
0.345000,51.774138,37.477612,23.990380
0.346000,49.345240,36.384941,19.224013
0.347000,48.032861,39.901585,18.403172
0.348000,42.831729,37.391194,21.065921
0.349000,46.354372,35.599039,21.926392
0.350000,45.246420,36.836477,20.837845
0.351000,51.051959,49.570897,26.392863
0.352000,46.036178,53.360865,28.312117
0.353000,44.414660,49.211485,28.420021
0.354000,41.194287,39.013583,24.290580
0.355000,46.059371,45.769123,26.238281
0.356000,43.611202,44.588295,19.160348
0.357000,41.771991,47.059253,17.080670
0.358000,50.248349,44.384896,13.358046
0.359000,43.855042,41.545049,14.865418
0.360000,46.732987,34.278084,14.544411
0.361000,45.284431,31.937507,18.191634
0.362000,49.415022,35.086991,26.101367
0.363000,43.842814,29.591065,20.790078
0.364000,45.018535,31.805132,18.622223
0.365000,39.528607,25.937571,15.107125
0.366000,37.810409,26.381803,22.222278
0.367000,35.537369,27.085402,20.612784
0.368000,24.644401,29.864209,20.849486
0.369000,29.597468,31.120492,23.334092
0.370000,28.305164,28.066277,18.147118
0.371000,32.253434,37.567024,16.196258
0.372000,33.007993,34.768247,9.729911
0.373000,33.165089,40.129717,16.184949
0.374000,42.275581,31.374766,15.310259
0.375000,48.897855,39.626958,17.757176
0.376000,58.423186,45.497908,20.020058
0.377000,56.262527,42.896856,15.705984
0.378000,57.114462,44.322611,13.628049
0.379000,56.410065,44.022322,13.676052
0.380000,58.096190,43.267127,13.440719
0.381000,54.085891,42.796380,14.383259
0.382000,53.324658,45.258189,12.862087
0.383000,53.507814,44.527068,12.417950
0.384000,52.601827,38.499386,8.633651
0.385000,49.022407,39.200009,13.048773
0.386000,47.560076,39.295792,14.931294
0.387000,44.544280,31.251959,15.537855
0.388000,38.644469,30.332301,14.768111
0.389000,41.255325,32.169326,9.962073
0.390000,40.528951,30.773858,17.775722
0.391000,38.049376,30.809409,23.205644
0.392000,39.927799,30.449025,19.587634
0.393000,33.827893,22.489120,9.119972
0.394000,31.267550,17.089205,6.260323
0.395000,21.980367,14.794246,8.561976
0.396000,15.061689,11.729058,15.136776
0.397000,13.226630,13.839655,15.915283
0.398000,7.246796,10.678305,15.561548
0.399000,8.284209,15.190395,18.190774
0.400000,8.900845,8.851942,21.315430
0.401000,8.657631,11.564058,28.548002
0.402000,20.353965,14.936612,26.390562
0.403000,19.242612,26.019438,23.970859
0.404000,25.526648,28.460397,19.627036
0.405000,31.618506,32.385333,24.585677
0.406000,35.729904,29.891090,24.822813
0.407000,31.244102,36.098301,24.755652
0.408000,37.213932,33.558468,19.377649
0.409000,42.994655,31.889944,17.714881
0.410000,38.864517,33.918355,16.500115
0.411000,33.083791,20.841087,12.187095
0.412000,34.902264,22.414064,12.880793
0.413000,27.202766,17.141418,12.952386
0.414000,34.195967,20.387606,21.330514
0.415000,36.829950,22.612110,19.883751
0.416000,40.991751,31.204193,21.304860
0.417000,48.993802,37.908299,24.043358
0.418000,45.311344,37.466446,22.501956
0.419000,48.991522,38.465372,17.212806
0.420000,40.273380,35.600987,19.303544
0.421000,39.960461,37.687780,20.626270
0.422000,54.438552,41.118492,21.905446
0.423000,52.074617,43.740892,19.666541
0.424000,41.528958,39.982143,18.346791
0.425000,42.085903,40.786328,16.140542
0.426000,37.814450,38.514979,13.758951
0.427000,30.434322,34.062983,11.672619
0.428000,40.777030,39.709990,13.954933
0.429000,43.995276,39.096226,22.407434
0.430000,42.244410,45.995980,27.325537
0.431000,40.583950,46.486570,27.386151
0.432000,39.145618,44.796535,29.480985
0.433000,46.769031,51.886260,29.931051
0.434000,41.041876,48.444925,26.266461
0.435000,32.110271,39.904255,16.019278
0.436000,28.590001,31.387221,15.689973
0.437000,24.160758,37.152684,13.101560
0.438000,26.302328,37.465833,13.461974
0.439000,20.827416,33.571883,11.511233
0.440000,22.090613,30.162601,11.079462
0.441000,21.348999,27.635100,7.572413
0.442000,35.456316,26.788319,11.404270
0.443000,31.935610,23.786961,17.761942
0.444000,39.908245,30.097652,19.754266
0.445000,32.008662,22.077444,16.268315
0.446000,24.985892,27.365047,19.185085
0.447000,21.492158,27.948118,11.538213
0.448000,16.846378,22.401639,6.647654
0.449000,16.840876,33.165427,16.258301
0.450000,18.702452,33.518578,20.886869
0.451000,19.788220,29.322311,22.002626
0.452000,20.743332,27.636469,21.237843
0.453000,22.961633,28.659895,22.431638
0.454000,15.306050,26.844785,17.739127
0.455000,10.932778,21.371567,13.730685
0.456000,12.647270,25.262219,16.877407
0.457000,14.435539,23.448054,19.763124
0.458000,18.500697,20.662372,17.369220
0.459000,11.222808,18.698323,22.983894
0.460000,14.671072,18.879667,18.810451
0.461000,13.331029,20.709961,18.311635
0.462000,16.516742,26.223009,25.066242
0.463000,19.740432,24.735157,25.341341
0.464000,19.311745,30.522817,28.445762
0.465000,21.177171,24.401347,25.554007
0.466000,11.275639,16.032922,19.493802
0.467000,14.609666,15.761930,21.835604
0.468000,13.187526,13.133354,23.376135
0.469000,12.859496,11.887762,19.723588
0.470000,11.547712,9.942393,22.181936
0.471000,16.843973,8.486319,23.711677
0.472000,18.031317,7.681066,14.886585
0.473000,16.855629,16.688446,16.500378
0.474000,16.616763,9.584401,22.477808
0.475000,8.611458,14.802643,22.454017
0.476000,11.862915,14.474598,18.753668
0.477000,18.219059,16.321310,24.354532
0.478000,18.123513,21.773380,25.598563
0.479000,24.227055,20.921998,22.176929
0.480000,18.141952,14.505774,23.732933
0.481000,14.194576,10.368057,21.938712
0.482000,20.326351,10.578907,21.800421
0.483000,27.176789,13.488685,18.476644
0.484000,14.836810,9.205340,18.072502
0.485000,14.778243,13.378590,18.641830
0.486000,15.691386,12.994557,16.532239
0.487000,12.313337,17.001048,20.649005
0.488000,7.853401,13.732949,17.338509
0.489000,6.302358,11.632865,23.361266
0.490000,6.291878,9.626770,19.745106
0.491000,11.114079,6.030587,13.699673
0.492000,8.037123,6.975993,13.025811
0.493000,7.741240,12.270611,11.709852
0.494000,8.747254,12.777057,11.030477
0.495000,6.184475,15.923623,14.670253
0.496000,5.538604,20.084065,16.478076
0.497000,8.033108,21.967930,16.447663
0.498000,12.851901,23.922570,19.330455
0.499000,10.223538,22.292787,16.605265
0.500000,7.886275,19.267327,15.081541
0.501000,6.623641,16.114013,11.320093
0.502000,7.111327,15.782734,13.013972
0.503000,7.878429,19.311905,16.958515
0.504000,9.404601,17.692488,15.202868
0.505000,14.318631,25.276264,11.859391
0.506000,18.488835,22.425378,11.996013
0.507000,19.686463,22.193373,10.473342
0.508000,16.373522,24.627491,11.947802
0.509000,25.088155,26.321449,13.572520
0.510000,28.362128,21.547614,13.760814
0.511000,28.366354,20.201885,12.554577
0.512000,31.806594,17.780749,11.087847
0.513000,27.790196,20.785663,12.144476
0.514000,32.382843,21.255429,11.969553
0.515000,29.189513,19.258791,11.717618
0.516000,32.990285,17.947633,7.969089
0.517000,36.292942,23.680240,9.494891
0.518000,35.454136,24.274680,7.723058
0.519000,28.481798,22.351032,8.684781
0.520000,28.744077,19.467759,6.801926
0.521000,32.704061,21.448492,7.070525
0.522000,32.992891,21.326616,4.998523
0.523000,34.091876,21.182418,4.668544
0.524000,31.624924,20.457995,5.590237
0.525000,32.003249,23.743794,6.821953
0.526000,23.756870,13.652154,6.233611
0.527000,11.532261,14.506942,6.581200
0.528000,25.259075,16.929431,6.562954
0.529000,24.233959,16.876404,6.060904
0.530000,17.970872,14.559865,4.832321
0.531000,14.267679,16.103978,4.927214
0.532000,15.108180,15.209598,6.246257
0.533000,21.889182,15.412038,7.193865
0.534000,24.922724,20.049870,6.649748
0.535000,32.074108,20.795166,6.883435
0.536000,36.872348,22.811504,9.108648
0.537000,31.568925,21.773312,10.015933
0.538000,35.469539,22.100266,6.442075
0.539000,36.424451,25.613235,8.754620
0.540000,36.543016,30.684530,7.708637
0.541000,45.791790,36.230408,9.818599
0.542000,42.237942,30.932954,8.586069
0.543000,44.516311,33.105125,11.936513
0.544000,45.044044,32.759728,10.929522
0.545000,38.302856,32.002079,13.631657
0.546000,44.427832,38.098978,14.459261
0.547000,46.199780,39.249333,8.938814
0.548000,42.001654,43.123392,6.993342
0.549000,44.661410,37.531241,4.052827
0.550000,47.680424,36.649358,5.125427
0.551000,50.657419,39.829140,7.704987
0.552000,54.395488,39.825723,6.542276
0.553000,53.125213,40.470794,6.754939
0.554000,52.067792,36.635941,9.530907
0.555000,45.461382,29.561345,14.107028
0.556000,45.890663,37.922856,16.759679
0.557000,46.504956,38.379963,17.164687
0.558000,42.494114,31.718444,5.752589
0.559000,39.945415,31.445228,5.676342
0.560000,33.276908,27.021450,5.968744
0.561000,31.183148,25.721227,11.696229
0.562000,28.078032,26.085586,13.600328
0.563000,29.253044,26.756731,14.247083
0.564000,41.422991,36.211269,13.125453
0.565000,38.847416,35.741814,12.307532
0.566000,40.667416,40.451240,12.112275
0.567000,43.025375,42.378879,11.618456
0.568000,51.348650,39.218064,14.167301
0.569000,48.267570,36.085517,14.561851
0.570000,46.707768,39.439084,12.779370
0.571000,51.029456,45.782483,16.360598
0.572000,58.087900,43.858232,16.569580
0.573000,49.889767,39.670481,12.212969
0.574000,44.995965,33.663623,7.981877
0.575000,49.687877,34.799259,4.894169
0.576000,58.330896,43.758685,15.104818
0.577000,52.401606,40.978367,13.419057
0.578000,56.141210,41.082060,16.482917
0.579000,56.902312,41.829479,14.022627
0.580000,62.946347,49.007992,17.604761
0.581000,58.478351,44.578679,15.065376
0.582000,60.964374,46.392581,16.952341
0.583000,63.481334,50.702027,18.999910
0.584000,68.401515,56.196905,25.827994
0.585000,64.804487,52.878896,27.070515
0.586000,68.490908,54.738533,26.841985
0.587000,65.474216,49.912108,29.950439
0.588000,63.939589,54.990403,31.223587
0.589000,50.103089,50.346553,27.308010
0.590000,51.504897,51.112009,29.294331
0.591000,53.798666,49.031446,25.154765
0.592000,60.210066,50.743045,25.494067
0.593000,57.739802,50.744909,26.564245
0.594000,54.212308,50.499513,21.445878
0.595000,49.193656,38.133954,13.533340
0.596000,56.235353,45.250407,24.381726
0.597000,58.137507,47.067052,16.997262
0.598000,54.202954,43.271521,20.347467
0.599000,56.579343,47.214736,27.007745
0.600000,63.740750,51.380848,29.826265
0.601000,63.003051,52.362585,27.796091
0.602000,55.353161,43.290859,26.301653
0.603000,49.105466,40.074517,23.766944
0.604000,46.940763,36.544894,22.676148
0.605000,48.917775,35.469998,26.729638
0.606000,49.695037,37.095318,28.023392
0.607000,46.852756,36.962702,27.788828
0.608000,49.551753,42.041239,27.229476
0.609000,51.741640,40.207822,25.354135
0.610000,55.564421,49.499372,27.521532
0.611000,62.338901,51.462672,29.267864
0.612000,64.335956,55.281412,31.779688
0.613000,55.941524,48.971373,26.672863
0.614000,45.956520,49.071948,25.092765
0.615000,52.289750,48.734875,26.844480
0.616000,48.375331,39.982304,25.188566
0.617000,51.975324,38.630086,28.397340
0.618000,54.770574,48.893694,28.308158
0.619000,51.152636,47.625470,23.039039
0.620000,42.853094,47.704752,21.272994
0.621000,48.744269,43.273083,21.922078
0.622000,49.878395,38.461157,21.456856
0.623000,44.826351,41.149609,19.852257
0.624000,37.866255,41.345717,16.554737
0.625000,29.149090,26.847086,18.121721
0.626000,25.848422,30.085756,20.843369
0.627000,19.760417,25.054500,16.592950
0.628000,14.924845,21.185837,17.368664
0.629000,9.897450,19.753555,20.630901
0.630000,10.064651,16.278859,23.541982
0.631000,7.373408,11.257165,16.565843
0.632000,10.267335,14.325719,12.351529
0.633000,12.475410,15.995867,13.018519
0.634000,19.053290,12.918514,11.749716
0.635000,12.734272,17.978811,6.938344
0.636000,5.068110,17.858854,13.901727
0.637000,7.907576,12.739883,14.389361
0.638000,11.525092,10.035972,19.507543
0.639000,11.725695,6.967150,22.527312
0.640000,9.400451,10.488529,20.918575
0.641000,6.108361,17.407089,21.369779
0.642000,7.107221,18.709847,20.001857
0.643000,7.324958,13.120784,22.787101
0.644000,12.221378,14.243888,25.267993
0.645000,7.090042,12.542468,24.512371
0.646000,6.709678,14.126314,15.425037
0.647000,8.300131,17.789991,11.196863
0.648000,8.337142,12.316822,14.326637
0.649000,14.814757,11.237288,19.271909
0.650000,18.947120,23.081696,25.048615
0.651000,18.160726,22.559278,22.940878
0.652000,17.219287,24.279060,22.021787
0.653000,10.487335,20.870308,11.359064
0.654000,12.410730,21.561697,19.290372
0.655000,9.697553,17.817563,17.341286
0.656000,9.464885,12.569976,14.526216
0.657000,9.848043,16.358429,11.782945
0.658000,16.473387,24.402351,13.745490
0.659000,20.942667,28.557015,15.029460
0.660000,20.451034,26.945531,17.325984
0.661000,20.427574,24.935271,17.452457
0.662000,19.359943,26.772651,13.664649
0.663000,24.750504,32.235395,19.836032
0.664000,26.933360,28.736180,16.171929
0.665000,33.927472,31.553613,21.009242
0.666000,30.091438,35.865139,27.075816
0.667000,32.331070,30.940266,23.312478
0.668000,26.656466,25.167730,18.202583
0.669000,26.977139,33.005131,21.441325
0.670000,29.938417,31.673389,26.772744
0.671000,32.713928,33.000280,23.549356
0.672000,30.918831,32.567685,22.948968
0.673000,28.994380,32.513578,19.018475
0.674000,30.543040,36.815415,19.565844
0.675000,30.012754,41.964108,23.414063
0.676000,28.743488,35.640184,28.805037
0.677000,27.140692,37.675765,29.110489
0.678000,24.005477,35.476497,23.280357
0.679000,22.963303,35.316191,26.089231
0.680000,25.645888,33.449934,22.898130
0.681000,30.847065,35.023773,24.580782
0.682000,31.972649,31.178103,22.863886
0.683000,31.826794,36.484480,18.308026
0.684000,28.405721,32.709285,18.861581
0.685000,21.310428,31.029934,19.427625
0.686000,21.487651,31.646522,13.486513
0.687000,19.124661,32.563117,14.528922
0.688000,14.475635,24.673834,9.782520
0.689000,14.785852,27.380593,11.341577
0.690000,10.285920,16.186988,4.164610
0.691000,9.993350,16.723813,5.345985
0.692000,4.558831,19.092761,8.543267
0.693000,6.141110,16.929260,4.814491
0.694000,6.797227,21.185150,4.549739
0.695000,7.953911,18.984764,5.757358
0.696000,12.150727,16.314808,4.539888
0.697000,9.779970,13.710907,4.767889
0.698000,9.385484,14.399471,5.859889
0.699000,4.195722,11.767640,9.993098
0.700000,7.374371,17.849134,7.142518
0.701000,10.845958,23.299971,6.630588
0.702000,14.222583,25.074246,5.932290
0.703000,14.139450,20.034081,9.382984
0.704000,22.335850,33.411999,13.938896
0.705000,15.536950,26.909772,15.097135
0.706000,19.867202,33.634545,21.771029
0.707000,29.369777,42.455878,25.822147
0.708000,30.313491,40.855619,26.896737
0.709000,29.889553,43.729904,23.290979
0.710000,31.197777,41.306014,22.445369
0.711000,37.154028,43.872245,25.346696
0.712000,29.592938,41.016206,23.250624
0.713000,25.579293,34.285638,28.496083
0.714000,21.096715,27.368749,21.960247
0.715000,19.552324,30.379525,21.908685
0.716000,22.352449,36.473377,23.168422
0.717000,20.835023,34.940976,22.449260
0.718000,21.875542,34.450052,24.316273
0.719000,19.098572,31.694557,26.124775
0.720000,16.048411,29.278741,26.077169
0.721000,20.541906,32.627596,27.425789
0.722000,22.169220,25.588676,24.258693
0.723000,22.663026,27.942465,23.785791
0.724000,19.933590,23.011798,28.095769
0.725000,16.051530,24.343811,26.301745
0.726000,19.212662,17.663822,29.091356
0.727000,26.598092,19.020529,28.036439
0.728000,33.351948,20.550937,26.685129
0.729000,46.237290,33.022298,27.361044
0.730000,36.543536,28.352549,26.259902
0.731000,35.894798,26.388727,26.673852
0.732000,35.176466,22.062974,29.332471
0.733000,32.990416,20.588766,25.831498
0.734000,31.014992,18.259251,26.648599
0.735000,31.693022,22.723451,26.918556
0.736000,26.579385,13.335101,24.946853
0.737000,22.837803,10.957058,24.537820
0.738000,22.377186,11.348475,23.929852
0.739000,14.751464,5.507260,16.257508
0.740000,8.222788,5.745007,15.686976
0.741000,13.965266,5.428999,22.002391
0.742000,15.029487,5.879881,18.229633
0.743000,14.951025,9.824298,19.333429
0.744000,14.289098,6.334746,18.281584
0.745000,15.235137,7.432982,18.924020
0.746000,14.709445,6.430483,13.139841
0.747000,13.581369,5.634972,16.758191
0.748000,13.342599,13.031783,20.395012
0.749000,15.226176,17.893035,23.535762
0.750000,22.414043,18.515306,23.798604
0.751000,17.741833,15.994790,14.976699
0.752000,22.388264,18.992382,16.951653
0.753000,19.861840,18.625946,16.034230
0.754000,11.800002,20.391958,18.049173
0.755000,13.178392,18.545406,12.437909
0.756000,9.794902,19.496925,11.014309
0.757000,8.185604,18.017597,10.243339
0.758000,13.902879,18.704867,11.244060
0.759000,9.499134,16.101872,12.551141
0.760000,15.560947,24.671586,12.197692
0.761000,18.619183,14.389412,7.432241
0.762000,25.213106,14.666106,12.227116
0.763000,25.584781,16.976475,15.600667
0.764000,20.024400,17.922413,16.760731
0.765000,25.645307,21.623932,15.809300
0.766000,28.346044,21.669345,15.748714
0.767000,31.250291,22.834303,24.157004
0.768000,31.815728,18.140716,22.874299
0.769000,24.212313,12.114765,17.232967
0.770000,32.794640,18.459148,18.818796
0.771000,29.898837,20.304605,19.818696
0.772000,28.892729,21.473612,19.293694
0.773000,36.030944,23.898711,18.209962
0.774000,32.854663,26.410182,21.026431
0.775000,30.396438,19.611630,20.279265
0.776000,32.989924,20.886479,18.973799
0.777000,33.926830,23.495168,11.855106
0.778000,21.435852,16.131289,10.832002
0.779000,26.683364,17.164619,12.627041
0.780000,30.610335,25.255893,14.821180
0.781000,33.366931,21.764187,16.957250
0.782000,33.488564,31.836994,17.458787
0.783000,36.500734,28.237726,15.848166
0.784000,37.233178,29.086741,15.977165
0.785000,38.045853,24.462580,15.642322
0.786000,34.307818,23.364065,11.854141
0.787000,46.881170,30.858237,12.254829
0.788000,45.247157,30.949732,12.038463
0.789000,37.079772,25.359202,17.953617
0.790000,40.345527,25.567525,14.932126
0.791000,49.318429,34.431763,22.101868
0.792000,46.358208,30.917133,14.364575
0.793000,41.172445,29.453812,17.721751
0.794000,35.017134,27.039330,16.853482
0.795000,33.591126,25.781465,13.843523
0.796000,42.495128,27.123242,15.746161
0.797000,40.649488,27.111673,9.399285
0.798000,36.163489,25.515138,10.911192
0.799000,36.426197,23.319499,12.869155
0.800000,37.914903,21.511558,11.618183
0.801000,27.805936,21.456958,11.524455
0.802000,22.237385,16.990348,9.073924
0.803000,20.829163,16.975947,13.222630
0.804000,18.622804,10.573721,12.876315
0.805000,22.295544,8.165961,15.964535
0.806000,18.401495,7.162359,12.147606
0.807000,24.145248,11.704717,17.081230
0.808000,22.211573,15.762798,17.471543
0.809000,22.085039,15.546513,17.604423
0.810000,17.912729,11.883536,21.605400
0.811000,12.426867,10.133987,15.781841
0.812000,9.463735,7.099340,17.858027
0.813000,10.018433,6.829058,13.578296
0.814000,17.106700,6.702702,12.648193
0.815000,14.071945,8.116771,14.165919
0.816000,12.996652,9.027398,14.266758
0.817000,23.605435,17.600950,12.513749
0.818000,17.427896,16.304561,11.818206
0.819000,20.735186,14.375180,11.327533
0.820000,21.463720,12.875515,9.010469
0.821000,21.467064,12.360131,7.928200
0.822000,28.683337,16.807166,5.398137
0.823000,26.793766,16.142075,6.336802
0.824000,23.696002,15.226015,15.458467
0.825000,28.887482,25.060050,18.677693
0.826000,37.103703,29.981247,20.561672
0.827000,32.180654,27.730798,18.384506
0.828000,27.303992,22.581818,16.787218
0.829000,28.377966,23.741889,20.000564
0.830000,25.611917,19.120776,17.245473
0.831000,19.420708,13.500943,22.112386
0.832000,24.458448,15.880759,19.215508
0.833000,27.301312,18.263422,17.722759
0.834000,26.907774,17.695338,19.600153
0.835000,28.672574,17.849343,17.334063
0.836000,26.044886,17.780626,18.992310
0.837000,30.154068,19.485758,20.477377
0.838000,26.564230,16.848337,19.228444
0.839000,27.032099,19.542720,16.156693
0.840000,31.450049,20.964888,13.929648
0.841000,25.642376,21.481522,14.173798
0.842000,22.912082,20.513939,13.646060
0.843000,29.543643,26.395909,18.019139
0.844000,26.695346,27.902090,16.657506
0.845000,31.072953,20.142241,15.443127
0.846000,30.480428,21.300497,11.528063
0.847000,30.562655,16.678550,10.232498
0.848000,34.477349,23.666081,11.656578
0.849000,30.591287,20.598978,13.295436
0.850000,40.903797,25.815553,15.246480
0.851000,39.633600,27.697717,13.511652
0.852000,35.463110,22.710169,10.099007
0.853000,39.630643,24.193947,20.799684
0.854000,43.399368,33.736055,21.946117
0.855000,42.235293,37.326016,21.778561
0.856000,49.763969,39.863430,18.836460
0.857000,51.196571,38.969769,16.917842
0.858000,52.736840,38.309524,18.334225
0.859000,45.494997,34.143314,18.387208
0.860000,43.020029,29.111022,18.516161
0.861000,39.476986,28.025262,20.015839
0.862000,32.787662,25.940546,20.206940
0.863000,34.538588,21.417675,20.220544
0.864000,26.162387,24.281294,17.664103
0.865000,16.651460,16.743558,14.507578
0.866000,23.038846,15.993907,12.185515
0.867000,17.279043,11.824539,18.346035
0.868000,13.457359,7.713530,19.164867
0.869000,14.353127,14.272706,16.417286
0.870000,9.691813,9.548873,22.748088
0.871000,7.568984,9.209056,24.127300
0.872000,7.799276,8.616757,21.744258
0.873000,13.069898,4.511249,20.127828
0.874000,12.350233,8.419723,19.348786
0.875000,6.230939,11.988203,20.161455
0.876000,4.560637,13.818541,24.983793
0.877000,4.601687,7.960108,23.177972
0.878000,6.067263,5.259137,23.169937
0.879000,8.128123,5.506819,18.343243
0.880000,9.206172,5.265166,22.087485
0.881000,9.612119,3.918154,19.570698
0.882000,5.893496,9.896311,19.315206
0.883000,6.587105,11.487787,20.787169
0.884000,4.974018,11.812364,22.576253
0.885000,12.271487,6.597566,19.395634
0.886000,15.325635,10.698725,17.142520
0.887000,9.916751,9.657433,18.223894
0.888000,12.900753,11.098801,20.945996
0.889000,11.787654,18.146434,18.270746
0.890000,14.098419,26.030774,15.598684
0.891000,20.946502,30.383692,12.481900
0.892000,23.388008,28.878481,14.561878
0.893000,17.225668,26.118640,21.195097
0.894000,15.897347,27.852722,22.839383
0.895000,25.078102,32.364018,21.985821
0.896000,11.875530,25.506335,20.941171
0.897000,10.210925,22.549906,17.090588
0.898000,22.376806,19.647830,25.817674
0.899000,26.678058,24.255969,15.996551
0.900000,30.103266,26.214459,20.182418
0.901000,35.127532,32.661116,24.007125
0.902000,39.425601,29.608887,21.337008
0.903000,42.245468,30.595990,19.786604
0.904000,37.285110,26.884681,18.080580
0.905000,38.832082,26.347791,19.638471
0.906000,41.046629,34.377321,23.993637
0.907000,45.843225,38.705076,23.632985
0.908000,42.623435,31.275956,19.047276
0.909000,35.207779,26.271406,22.554766
0.910000,38.681548,28.813978,20.763064
0.911000,36.979878,32.053755,31.041417
0.912000,24.005294,26.972097,27.343907
0.913000,26.011596,26.955294,24.853646
0.914000,23.017555,24.084567,21.429005
0.915000,28.960471,29.590286,22.058334
0.916000,25.278886,36.885355,22.464526
0.917000,26.543949,31.381655,21.934377
0.918000,33.086309,25.052989,19.735917
0.919000,30.455797,19.506846,17.973361
0.920000,35.762536,22.675099,13.256792
0.921000,29.446167,28.782037,28.422270
0.922000,30.899340,34.937142,23.028908
0.923000,30.825818,34.006798,23.060762
0.924000,34.701393,37.258470,21.639311
0.925000,32.204696,34.443982,25.210172
0.926000,34.751387,41.713765,20.033881
0.927000,34.032123,42.081970,18.757770
0.928000,37.490265,41.558132,23.889106
0.929000,28.903501,32.559266,17.338100
0.930000,37.139369,35.965771,12.821627
0.931000,33.733176,30.383526,19.713403
0.932000,40.269069,33.039713,16.618227
0.933000,37.805475,26.030367,10.727998
0.934000,28.888273,24.347034,16.459648
0.935000,38.660006,25.836503,17.107497
0.936000,40.801426,30.826952,17.595350
0.937000,38.613867,32.395856,18.773584
0.938000,35.853695,31.280789,20.055286
0.939000,35.838252,27.454108,20.924848
0.940000,30.724894,27.169787,23.897236
0.941000,26.467622,25.559272,20.006286
0.942000,25.776531,27.599390,20.341266
0.943000,25.866529,30.544265,18.829638
0.944000,29.387827,30.627596,12.572364
0.945000,28.575261,23.194481,8.327786
0.946000,37.128374,30.828171,17.320394
0.947000,33.781110,31.245657,19.557392
0.948000,44.014511,35.939830,18.373875
0.949000,45.734344,35.550147,20.020687
0.950000,50.434543,42.315846,22.055134
0.951000,42.492600,41.249977,14.768380
0.952000,38.955094,36.752092,15.994670
0.953000,38.325123,35.585626,19.587929
0.954000,39.154901,30.066120,14.249325
0.955000,45.723438,31.683772,17.823436
0.956000,39.971790,33.368135,14.421468
0.957000,41.746894,34.102808,18.970512
0.958000,37.473971,39.347337,15.446112
0.959000,40.057157,40.461132,15.071069
0.960000,47.139814,44.138863,16.200472
0.961000,38.840523,35.800023,14.452258
0.962000,35.176300,34.368124,17.129512
0.963000,32.959222,32.938016,14.678645
0.964000,41.887601,35.245861,15.558284
0.965000,39.492669,37.829944,19.916320
0.966000,41.459203,38.317795,22.317904
0.967000,45.391625,44.742912,24.719649
0.968000,32.763354,39.194842,18.656389
0.969000,36.946883,38.256662,24.783446
0.970000,37.209617,40.034061,25.152065
0.971000,39.550992,36.126967,18.717477
0.972000,37.139026,37.490278,19.018113
0.973000,44.834634,39.994307,13.574526
0.974000,43.256055,43.827441,13.581250
0.975000,54.553613,49.074129,17.273255
0.976000,55.417305,44.312238,15.780785
0.977000,44.697429,32.177804,18.833854
0.978000,40.942271,38.355182,19.957291
0.979000,47.507742,37.054255,12.280443
0.980000,48.896845,40.848240,16.980024
0.981000,43.632821,34.476409,17.252945
0.982000,42.576177,38.684744,16.001700
0.983000,43.980641,29.894776,15.271539
0.984000,48.376321,32.897403,17.376964
0.985000,42.999780,27.234354,9.840678
0.986000,39.131941,27.230160,9.973209
0.987000,33.523723,20.401460,8.981594
0.988000,35.773868,24.993552,12.889629
0.989000,37.565338,24.871587,13.080441
0.990000,40.098657,31.818048,16.857337
0.991000,43.826699,35.513317,21.429556
0.992000,46.745370,35.481196,26.486881
0.993000,41.314852,35.294416,23.635749
0.994000,41.927782,39.555546,24.393808
0.995000,35.319538,34.386864,23.298894
0.996000,43.572964,35.057516,21.545783
0.997000,50.817392,37.533193,24.445667
0.998000,40.967392,30.074272,23.682576
0.999000,34.850210,37.655887,26.574524
1.000000,27.673859,35.314686,22.143775
1.001000,30.310976,41.446744,25.818904
1.002000,25.382220,34.807389,25.314031
1.003000,29.285709,31.654027,28.669540
1.004000,18.898159,22.983572,20.911404
1.005000,24.413409,24.561508,24.280874
1.006000,25.501701,20.331182,23.501295
1.007000,24.780809,21.749973,26.871463
1.008000,19.286002,21.508153,24.356102
1.009000,24.465935,23.746987,24.066148
1.010000,21.911869,19.530651,22.229934
1.011000,24.448644,20.918940,27.484866
1.012000,22.663158,13.823302,19.584630
1.013000,22.279969,15.406406,21.314943
1.014000,15.225237,20.285649,26.244546
1.015000,17.216020,15.355515,17.957631
1.016000,11.807070,11.475758,11.510850
1.017000,17.012780,20.711973,22.751237
1.018000,23.193095,22.135151,20.848504
1.019000,21.953130,19.307991,17.407241
1.020000,18.619652,11.236591,13.112996
1.021000,19.451402,14.805503,13.071446
1.022000,17.342968,17.262342,18.941298
1.023000,17.457197,14.458950,18.620068
1.024000,12.361922,10.243347,19.893699
1.025000,14.255641,10.014818,20.799856
1.026000,13.671762,19.514838,22.155581
1.027000,17.426079,11.235632,22.884449
1.028000,9.849768,10.339671,29.275566
1.029000,15.725258,6.187080,26.870412
1.030000,25.868089,16.945614,23.803113
1.031000,29.299811,26.422606,26.645485
1.032000,20.277300,20.595710,19.407954
1.033000,23.818243,15.521239,23.965076
1.034000,24.795595,11.955860,26.305099
1.035000,21.604181,11.209069,24.024293
1.036000,26.557760,21.520400,26.845545
1.037000,32.185374,19.388082,29.957051
1.038000,32.564195,23.316728,24.424689
1.039000,22.557812,26.321599,19.663873
1.040000,30.114427,30.957200,23.019969
1.041000,35.063841,37.328827,23.465222
1.042000,26.769980,38.820182,18.794678
1.043000,36.283817,34.466313,19.084685
1.044000,36.789354,28.450425,23.195311
1.045000,37.924023,30.639016,24.702225
1.046000,43.276089,33.127418,25.671320
1.047000,49.587801,39.066267,28.292935
1.048000,48.378460,44.801929,29.914683
1.049000,44.683007,40.768642,27.768540
1.050000,36.161397,34.844028,26.482382
1.051000,39.099745,40.660548,32.120905
1.052000,34.684236,48.504668,27.541397
1.053000,35.764521,50.789445,23.346897
1.054000,35.538558,50.247116,19.019366
1.055000,42.542646,46.528414,19.540566
1.056000,45.412189,45.067185,25.666528
1.057000,50.311198,40.526451,28.674557
1.058000,43.892632,37.129170,24.137031
1.059000,42.864416,43.720082,28.249962
1.060000,54.518146,46.437258,30.570450
1.061000,53.996320,44.033354,31.952230
1.062000,47.432401,42.361165,29.999212
1.063000,39.088706,35.784580,29.373210
1.064000,39.662412,33.627000,24.758472
1.065000,43.755504,34.854346,25.783098
1.066000,34.908315,30.086542,25.632399
1.067000,38.677719,34.314972,28.412374
1.068000,37.553739,31.250171,25.414061
1.069000,29.391128,27.157972,23.886043
1.070000,24.882710,25.368999,17.627306
1.071000,23.860508,19.129345,17.809140
1.072000,27.434955,25.026022,20.679174
1.073000,28.024857,31.128629,19.750011
1.074000,28.007040,25.907121,22.182708
1.075000,27.740821,29.919384,24.757833
1.076000,22.843152,34.587677,21.022194
1.077000,18.152862,25.533298,17.743940
1.078000,17.756307,28.686205,20.466665
1.079000,23.245990,33.476518,20.385617
1.080000,26.229072,24.537580,16.216497
1.081000,36.078962,27.845879,16.361775
1.082000,38.345817,34.075281,18.900489
1.083000,39.915653,26.568983,13.449984
1.084000,34.387438,20.218970,10.395986
1.085000,34.310374,21.202143,9.416389
1.086000,31.927987,19.081448,7.384539
1.087000,27.302581,15.777336,7.997519
1.088000,22.454716,8.570137,7.230334
1.089000,21.342637,10.469459,8.514791
1.090000,21.202732,9.301385,9.588431
1.091000,18.387459,7.178996,7.103066
1.092000,18.207494,10.834095,11.133073
1.093000,16.596044,8.560777,14.382582
1.094000,26.818613,14.407046,11.314921
1.095000,23.803589,16.310709,12.004800
1.096000,23.245024,11.487604,12.720452
1.097000,23.423191,8.324009,10.037283
1.098000,23.256450,15.149773,8.481532
1.099000,22.648413,15.858413,9.599037
1.100000,23.083973,17.835156,7.033244
1.101000,27.338116,20.160063,4.879096
1.102000,30.619723,18.965200,6.838966
1.103000,23.321558,24.702990,11.498593
1.104000,29.658342,26.920258,12.038223
1.105000,40.124173,30.694023,19.951634
1.106000,40.468776,35.557226,19.735064
1.107000,52.216622,44.991530,23.154528
1.108000,54.461627,48.513610,23.494904
1.109000,48.851626,43.404289,25.543002
1.110000,50.217965,38.887796,24.573871
1.111000,48.024495,36.197522,23.122873
1.112000,46.806463,39.527625,24.281583
1.113000,46.797804,36.519009,26.500377
1.114000,41.502638,43.159741,24.639029
1.115000,42.101952,43.694221,23.760146
1.116000,43.317751,48.519400,24.442932
1.117000,41.562305,50.986984,22.653623
1.118000,46.568898,45.356612,15.853555
1.119000,51.970280,44.946601,17.291084
1.120000,42.316877,37.022016,12.658283
1.121000,42.869573,34.502826,12.133824
1.122000,36.336144,32.961303,14.757695
1.123000,37.576570,34.607424,6.893023
1.124000,33.698768,33.980712,8.087916
1.125000,37.386355,40.284479,6.983551
1.126000,36.756420,38.073631,7.721668
1.127000,37.049554,30.122284,11.568820
1.128000,33.392736,35.887653,11.091734
1.129000,44.702449,32.782406,13.151752
1.130000,36.841885,36.682558,11.532403
1.131000,26.853598,23.616434,13.064670
1.132000,22.399365,19.367230,11.240798
1.133000,27.218526,18.290450,10.658150
1.134000,14.856230,15.635959,9.338978
1.135000,15.916373,20.318754,17.013967
1.136000,22.761786,20.359434,15.707250
1.137000,22.282839,17.607692,14.211503
1.138000,27.129849,16.745897,18.101282
1.139000,26.805399,15.897041,14.296434
1.140000,21.147205,21.088952,11.724021
1.141000,19.878256,22.070823,12.431155
1.142000,21.988420,22.293169,8.030490
1.143000,25.976662,21.405035,8.032719
1.144000,30.942140,23.806430,10.195658
1.145000,28.911388,20.781941,14.028893
1.146000,19.537930,22.401594,10.516240
1.147000,16.534947,20.351369,10.289400
1.148000,19.541965,21.659292,9.200372
1.149000,22.030088,22.629673,9.566021
1.150000,16.971108,23.910292,9.105887
1.151000,16.067417,16.984285,7.489623
1.152000,21.635133,18.577123,6.376103
1.153000,27.551457,21.756490,9.388630
1.154000,27.025883,14.034319,12.833594
1.155000,27.648321,15.851654,10.664150
1.156000,27.839565,18.326226,9.438174
1.157000,19.098885,15.038126,7.309952
1.158000,24.832178,12.757730,6.977734
1.159000,26.031580,15.288440,6.990421
1.160000,20.412529,15.779934,7.743387
1.161000,15.353443,15.461425,5.853986
1.162000,19.700224,22.082434,12.136411
1.163000,19.929450,23.169605,13.983470
1.164000,28.224993,27.583126,19.543424
1.165000,25.443490,26.961427,17.254955
1.166000,20.628929,30.279767,13.888172
1.167000,25.390663,33.549179,18.230676
1.168000,21.000075,31.007582,17.069650
1.169000,17.805826,29.262740,15.408459
1.170000,15.218235,25.779884,13.437817
1.171000,10.007311,20.289980,9.312369
1.172000,10.374342,19.210344,9.082053
1.173000,10.969526,18.746187,11.355733
1.174000,16.219109,16.638804,10.519286
1.175000,17.510475,15.134060,16.844319
1.176000,25.083975,18.446099,15.637975
1.177000,21.930908,15.268098,14.833655
1.178000,30.943166,18.679495,16.684379
1.179000,25.716548,11.310797,16.035624
1.180000,26.145418,16.486604,16.549298
1.181000,27.148638,19.192510,17.334594
1.182000,30.399184,21.479387,14.782040
1.183000,33.933012,22.398991,14.125900
1.184000,33.774513,23.673054,9.999139
1.185000,38.103435,28.142100,13.796235
1.186000,33.823192,31.874906,14.287369
1.187000,40.082472,31.242833,13.228890
1.188000,33.125247,31.020974,12.484762
1.189000,31.219151,28.938692,12.477355
1.190000,26.758134,25.222710,13.964399
1.191000,26.954263,25.352711,15.088443
1.192000,30.268612,29.474402,11.846273
1.193000,34.970145,34.346736,12.080882
1.194000,32.819846,33.105020,11.334778
1.195000,38.253426,47.047401,22.114008
1.196000,35.908008,42.693908,24.560004
1.197000,48.396029,47.344200,23.941987
1.198000,56.390411,50.558724,27.067480
1.199000,51.440142,50.112630,27.918581
1.200000,37.193153,41.817875,28.171291
1.201000,33.464721,32.450069,28.883161
1.202000,36.174950,32.907363,23.321629
1.203000,39.716839,41.346657,25.429928
1.204000,40.602497,31.916290,25.192947
1.205000,37.411700,30.751628,23.299833
1.206000,37.035679,31.642738,25.237059
1.207000,36.961222,30.636363,25.904425
1.208000,50.942195,40.258382,26.015309
1.209000,42.956416,39.166776,17.677415
1.210000,29.837750,36.378860,18.634484
1.211000,31.973929,37.450617,18.529277
1.212000,29.958612,35.800231,14.149547
1.213000,24.908529,29.432784,23.311461
1.214000,43.201234,39.706147,15.766985
1.215000,48.028183,40.655536,15.769674
1.216000,48.252819,38.202366,17.641401
1.217000,48.388871,44.041933,17.291419
1.218000,47.575852,37.640686,15.681252
1.219000,50.490286,42.370152,11.888032
1.220000,58.520748,45.912074,15.451246
1.221000,50.541603,38.118859,10.611920
1.222000,53.199464,42.221350,20.092892
1.223000,48.106317,38.045115,19.043086
1.224000,44.983780,36.382331,19.876348
1.225000,45.955982,35.277193,18.399624
1.226000,44.994049,40.423716,22.264195
1.227000,37.249387,40.379014,23.389100
1.228000,40.813353,29.989927,22.555732
1.229000,38.254649,32.789674,21.994549
1.230000,39.281313,36.706239,27.799965
1.231000,29.885765,32.260013,19.788075
1.232000,34.228586,34.761806,24.723409
1.233000,31.718950,34.288466,25.424996
1.234000,25.481440,32.449424,23.805437
1.235000,24.007111,33.944347,21.091031
1.236000,26.111178,35.115816,14.489504
1.237000,33.601954,38.277513,21.472182
1.238000,26.054123,33.666250,25.257056
1.239000,31.177814,38.867107,21.934544
1.240000,37.524889,44.378926,22.542263
1.241000,37.007625,42.997166,19.050247
1.242000,37.700352,43.246781,22.998187
1.243000,42.945224,44.380944,24.548206
1.244000,35.452361,39.048845,20.453459
1.245000,30.354570,33.969496,25.912095
1.246000,24.869749,35.264256,23.294307
1.247000,22.068720,30.977575,22.627193
1.248000,24.761232,27.553854,21.064176
1.249000,25.319015,29.515115,19.015633
1.250000,28.078894,31.600038,17.870898
1.251000,21.364266,27.449152,22.382732
1.252000,29.155859,37.294903,21.074786
1.253000,31.847342,39.813978,20.815546
1.254000,30.626675,41.588161,19.859750
1.255000,28.237743,40.911793,21.241391
1.256000,25.826383,40.445168,24.396597
1.257000,30.826931,24.019721,12.594902
1.258000,37.285733,25.497774,15.070617
1.259000,34.400495,30.975188,16.659085
1.260000,24.437422,30.849382,14.855390
1.261000,22.332222,31.397432,22.709899
1.262000,20.368554,25.736847,18.990101
1.263000,25.798978,30.822828,14.365594
1.264000,21.604743,29.980249,13.925671
1.265000,19.463177,26.207998,16.699525
1.266000,14.220980,22.708579,10.805691
1.267000,12.229488,19.999978,13.420092
1.268000,21.820916,29.367558,15.141458
1.269000,15.052850,20.601649,13.182367
1.270000,16.507302,15.486526,16.941312
1.271000,16.111604,14.227258,14.453864
1.272000,23.499115,11.344615,17.143383
1.273000,27.780283,11.837264,17.100735
1.274000,23.271355,11.762969,14.462114
1.275000,11.592967,17.974538,11.717013
1.276000,10.896063,18.809123,9.472309
1.277000,8.957996,17.898784,9.019116
1.278000,12.626801,15.735407,10.381700
1.279000,14.845685,14.309462,9.590301
1.280000,16.060836,12.444375,13.161780
1.281000,14.997221,10.422122,15.557581
1.282000,15.480829,16.325434,14.073578
1.283000,14.385805,22.273450,22.474690
1.284000,13.970331,25.259823,19.411213
1.285000,15.529952,23.967097,19.572649
1.286000,19.024868,23.557955,18.173888
1.287000,21.118693,26.255989,17.867737
1.288000,26.732398,25.850073,17.506275
1.289000,22.802196,27.753505,21.158756
1.290000,19.366307,25.520684,19.089968
1.291000,19.331992,21.121821,21.099219
1.292000,16.248693,26.600692,20.869667
1.293000,17.812058,23.687527,18.524325
1.294000,14.427045,25.098532,21.933622
1.295000,8.590920,15.401655,23.251959
1.296000,10.158252,17.288891,24.347949
1.297000,7.763008,19.487673,25.057959
1.298000,11.392443,19.535991,19.825327
1.299000,9.047605,10.967578,15.509488
1.300000,8.086143,7.224839,19.683770
1.301000,11.764157,12.349755,15.338292
1.302000,9.085960,14.600288,19.157597
1.303000,9.788299,19.413351,25.275893
1.304000,12.109506,20.179753,25.462896
1.305000,17.625248,21.281849,25.786329
1.306000,19.577075,24.963429,24.306067
1.307000,14.647187,22.625672,23.889791
1.308000,18.013722,17.165822,27.231815
1.309000,10.411098,20.772035,24.129822
1.310000,15.508043,24.492599,27.756274
1.311000,15.019862,22.464241,27.890291
1.312000,13.992150,19.999143,21.728772
1.313000,15.954774,15.978572,17.824055
1.314000,14.190334,18.002353,17.755070
1.315000,14.532984,18.752647,21.506288
1.316000,13.196766,17.475071,14.069221
1.317000,17.838700,16.064462,14.467837
1.318000,23.580346,22.206190,19.197369
1.319000,25.050985,15.278466,19.356213
1.320000,31.842718,17.572338,16.514596
1.321000,35.201000,20.600471,17.657811
1.322000,29.767053,15.884254,12.726595
1.323000,25.086595,18.186372,15.735445
1.324000,26.128332,22.579038,13.955433
1.325000,29.646958,16.314323,15.290369
1.326000,35.782011,18.375360,11.686809
1.327000,36.313326,21.704490,10.938095
1.328000,40.920379,26.457720,13.767930
1.329000,36.102286,24.956778,8.874346
1.330000,32.849832,19.642219,8.190532
1.331000,35.992162,22.180639,8.609443
1.332000,29.857132,19.239113,6.643528
1.333000,36.527944,24.441501,6.608526
1.334000,34.111067,26.472038,14.696006
1.335000,25.105961,16.896258,10.975982
1.336000,35.055020,26.731187,5.459988
1.337000,36.155246,24.299073,4.337943
1.338000,30.420581,31.844538,4.860823
1.339000,34.772715,28.532462,6.372488
1.340000,28.559034,22.426091,10.387170
1.341000,35.604101,28.414360,11.769781
1.342000,39.586809,24.496776,12.751255
1.343000,38.533554,23.370446,13.301749
1.344000,30.755945,23.759608,8.892737
1.345000,26.137645,24.266671,8.695558
1.346000,35.756854,29.752863,7.717827
1.347000,34.796017,26.285192,9.182272
1.348000,27.320843,27.670109,9.802127
1.349000,32.906165,24.041993,11.487548
1.350000,30.685239,23.380718,12.611202
1.351000,31.166910,17.812775,12.294293
1.352000,24.218088,16.912616,13.894145
1.353000,30.670190,25.764904,10.909888
1.354000,28.289709,24.258179,11.242249
1.355000,39.104420,25.342930,14.096899
1.356000,34.059297,24.831354,12.869997
1.357000,34.149660,21.313246,13.603688
1.358000,37.392075,30.603225,16.784853
1.359000,37.126248,24.105592,15.043998
1.360000,23.884480,24.238929,14.887379
1.361000,19.988970,16.967933,12.564456
1.362000,29.150513,21.897816,16.102732
1.363000,21.639383,19.427567,13.252949
1.364000,19.526907,13.732412,15.502028
1.365000,19.200775,10.189564,14.832649
1.366000,15.956977,15.299732,16.129723
1.367000,21.237527,15.035064,18.034085
1.368000,19.238618,10.697549,14.901722
1.369000,19.890377,10.808371,20.606449
1.370000,20.553225,9.599217,19.348343
1.371000,19.877136,9.527306,21.780810
1.372000,18.394849,10.690684,18.140631
1.373000,20.134021,8.144335,12.495506
1.374000,11.224674,11.119691,13.269550
1.375000,12.681791,11.924309,16.236393
1.376000,14.455113,8.048627,16.546191
1.377000,11.924183,8.590321,13.728400
1.378000,16.957912,7.533815,20.119976
1.379000,18.627618,8.163631,13.462017
1.380000,24.102277,12.917494,14.238321
1.381000,27.096404,14.677456,19.750208
1.382000,26.736613,17.726764,19.217806
1.383000,30.715428,18.570107,18.233720
1.384000,30.218738,20.416696,21.189261
1.385000,21.849903,18.541244,25.247324
1.386000,26.013211,12.734399,23.462599
1.387000,27.365742,13.897243,22.300707
1.388000,23.161961,7.307077,18.703545
1.389000,19.799318,5.549468,18.261442
1.390000,20.821344,8.918265,18.405833
1.391000,20.987430,8.555376,21.290513
1.392000,16.800095,5.108123,24.612239
1.393000,18.283266,10.899884,21.384026
1.394000,21.031350,11.320718,26.421422
1.395000,17.092582,12.387667,23.428365
1.396000,18.254655,16.972494,23.575328
1.397000,16.368357,15.517833,18.562722
1.398000,18.401549,12.613094,18.237664
1.399000,20.453167,14.319482,21.332315
1.400000,20.910952,11.791319,19.586555
1.401000,25.562830,14.025065,17.750494
1.402000,27.211125,17.878206,19.388648
1.403000,21.311000,20.265975,24.879064
1.404000,30.006305,23.106490,21.884787
1.405000,29.576636,27.377664,23.834405
1.406000,29.811778,30.623111,25.525044
1.407000,30.331744,32.802112,20.925133
1.408000,27.125565,24.290542,18.944528
1.409000,26.724516,24.593798,16.072097
1.410000,28.083078,25.667260,11.925434
1.411000,17.187266,14.992320,14.188765
1.412000,14.902475,10.029934,8.252939
1.413000,12.582165,12.962318,5.831844
1.414000,14.830001,17.556417,6.633273
1.415000,14.419365,16.314299,6.245912
1.416000,21.733140,18.898034,9.459902
1.417000,20.326230,25.117744,19.817896
1.418000,19.363874,22.046211,21.597476
1.419000,28.463066,23.220758,16.967123
1.420000,19.206092,18.918264,17.715348
1.421000,12.265397,16.444255,8.904840
1.422000,12.976445,19.142566,20.768800
1.423000,13.252942,18.200934,20.033059
1.424000,8.858145,8.687634,20.149703
1.425000,13.695605,10.040360,18.607504
1.426000,11.466279,6.892169,19.526163
1.427000,9.666007,7.087628,21.838275
1.428000,10.060137,9.020205,22.535925
1.429000,10.776530,9.547646,19.866998
1.430000,9.751522,6.922083,21.398378
1.431000,12.004180,8.046361,20.778001
1.432000,8.510782,10.571379,21.895954
1.433000,9.099671,9.719286,19.174292
1.434000,8.984234,11.311930,26.255221
1.435000,8.057127,12.616285,24.068838
1.436000,7.141822,13.737210,23.722626
1.437000,3.562110,10.066958,22.831732
1.438000,7.499852,10.606824,22.591903
1.439000,9.851445,6.544732,25.619762
1.440000,11.223339,9.462109,25.995992
1.441000,10.259622,14.539683,25.779076
1.442000,10.841515,10.231010,21.254017
1.443000,9.398171,14.296815,23.426268
1.444000,12.237359,14.059715,21.792423
1.445000,9.810890,15.522944,20.503051
1.446000,18.381104,15.113142,21.941152
1.447000,17.088932,13.134878,16.253512
1.448000,6.912750,11.144040,14.357479
1.449000,10.477678,14.504217,20.195975
1.450000,13.768216,17.718065,22.235216
1.451000,22.451364,21.063080,27.108385
1.452000,23.133768,25.823067,25.448601
1.453000,17.000346,19.859940,20.032988
1.454000,16.993214,19.085652,19.267522
1.455000,26.183861,28.633409,25.506421
1.456000,22.822011,24.332705,21.637799
1.457000,23.994653,26.938248,21.252074
1.458000,22.343007,29.141088,21.090971
1.459000,22.723108,26.531984,26.128053
1.460000,17.885748,21.640487,23.588035
1.461000,19.625707,20.790272,19.728982
1.462000,16.982483,17.148261,21.540775
1.463000,17.910674,16.742671,17.926437
1.464000,24.555717,16.758704,12.817185
1.465000,19.223564,17.495225,11.433054
1.466000,22.669458,13.611610,11.903117
1.467000,20.674115,11.659804,15.352667
1.468000,25.625935,19.550909,9.102352
1.469000,28.378665,24.670057,7.501479
1.470000,31.401351,26.922276,9.295150
1.471000,31.776309,25.133703,10.848948
1.472000,19.562180,16.926798,11.404748
1.473000,20.691706,26.118687,14.477632
1.474000,17.752994,24.178317,12.474785
1.475000,17.715819,22.132089,11.964293
1.476000,30.934941,21.599114,23.042811
1.477000,27.145894,15.389825,21.306663
1.478000,24.995381,17.409747,13.047569
1.479000,31.290194,24.071033,15.723942
1.480000,26.907943,21.849703,18.665153
1.481000,27.593955,20.541570,18.663748
1.482000,25.371283,18.349372,20.706044
1.483000,22.205458,20.975694,21.553671
1.484000,26.288030,24.413558,16.991398
1.485000,28.304555,34.113730,23.204908
1.486000,34.768303,37.733396,18.021613
1.487000,49.540648,37.582295,24.624244
1.488000,44.723674,37.958239,18.984939
1.489000,40.516602,35.283681,23.639623
1.490000,36.869288,42.493116,28.069962
1.491000,28.408933,29.086078,22.311129
1.492000,27.967485,32.794603,24.622125
1.493000,20.531300,24.060101,23.896412
1.494000,28.655547,25.578782,31.169918
1.495000,26.246829,25.387385,26.978051
1.496000,24.919581,27.150654,27.336797
1.497000,34.032322,24.871007,25.254208
1.498000,32.400952,20.201178,22.234534
1.499000,32.901037,24.116947,25.564077
1.500000,33.740158,22.755986,24.425200
1.501000,29.824699,28.842838,26.140857
1.502000,31.448785,27.786991,16.699990
1.503000,42.514388,36.379618,25.469406
1.504000,42.484420,38.316393,23.903748
1.505000,34.681310,27.256877,18.878251
1.506000,36.255913,29.667886,19.719114
1.507000,44.295590,37.078623,27.580727
1.508000,38.545741,31.880729,17.239421
1.509000,38.600351,28.496293,20.509538
1.510000,30.579021,19.554648,22.839176
1.511000,31.621440,21.793342,26.726360
1.512000,25.078339,18.051782,18.355167
1.513000,22.139672,19.364470,18.024887
1.514000,28.569581,15.285807,24.486721
1.515000,26.821793,15.052996,17.867012
1.516000,24.072058,9.992433,15.513355
1.517000,21.561139,13.593282,20.584569
1.518000,23.467096,12.548501,15.565649
1.519000,20.325149,13.649330,12.954386
1.520000,25.530635,17.705877,17.937605
1.521000,22.891381,20.995445,23.029067
1.522000,27.139485,24.530604,25.935836
1.523000,28.270764,22.038152,23.512059
1.524000,29.773905,25.005804,26.506743
1.525000,23.291416,28.389559,27.629132
1.526000,20.319885,31.162738,23.813786
1.527000,18.050727,30.884480,24.757129
1.528000,14.236208,26.511372,20.602626
1.529000,16.523104,26.413192,21.113373
1.530000,15.110627,24.373719,16.268504
1.531000,13.303004,23.947777,15.012893
1.532000,14.012105,23.466825,17.755230
1.533000,14.124174,22.982228,16.354834
1.534000,10.210804,23.272393,13.741029
1.535000,10.851016,18.755231,12.368407
1.536000,22.995767,24.631556,19.993225
1.537000,24.656217,26.125799,21.181182
1.538000,23.878943,28.351667,21.092348
1.539000,22.545104,30.121282,21.658010
1.540000,17.522130,25.838636,19.504943
1.541000,13.321203,23.479582,17.002273
1.542000,15.307471,21.154884,14.181881
1.543000,17.829504,21.298958,15.243208
1.544000,24.574266,24.446313,14.326090
1.545000,25.063624,25.612134,18.197189
1.546000,32.282306,29.764970,17.130697
1.547000,30.368593,34.249106,22.449714
1.548000,25.829487,25.321571,16.968626
1.549000,24.165714,24.857871,14.484676
1.550000,20.173201,23.047108,19.638798
1.551000,16.073688,22.621284,16.964080
1.552000,13.482929,12.723758,13.091460
1.553000,20.820923,24.352957,5.747158
1.554000,10.849492,17.539968,6.784409
1.555000,8.831033,19.503055,9.711479
1.556000,8.956879,15.503569,8.757414
1.557000,11.150039,13.723866,11.214540
1.558000,10.027111,16.434726,16.835073
1.559000,14.401352,14.812411,14.579254
1.560000,8.504473,8.021654,16.974655
1.561000,11.436230,17.977364,14.879937
1.562000,14.723969,20.953616,12.651279
1.563000,13.592495,12.677524,14.288645
1.564000,8.863906,8.027274,19.350878
1.565000,8.849300,5.017035,19.016510
1.566000,7.072089,4.569733,19.749636
1.567000,5.857445,7.495810,17.726924
1.568000,6.262058,4.292546,23.114499
1.569000,10.204045,7.699384,12.928297
1.570000,11.805065,12.772032,7.637854
1.571000,9.741793,8.329838,6.838553
1.572000,11.432699,6.658672,4.618317
1.573000,11.446811,7.370606,6.095374
1.574000,11.071964,9.136042,8.359702
1.575000,11.330857,9.469191,6.454749
1.576000,11.312110,8.749447,6.240694
1.577000,10.103539,9.612547,6.448513
1.578000,11.150134,12.242827,6.420920
1.579000,18.049177,11.111485,5.861263
1.580000,13.384902,8.612265,6.452313
1.581000,15.673366,13.062710,7.149209
1.582000,12.406606,15.290309,5.888308
1.583000,12.401172,17.274184,7.287084
1.584000,11.238704,14.455958,5.372211
1.585000,10.368457,9.534659,6.527667
1.586000,13.704760,10.080297,7.318600
1.587000,9.720695,9.870545,10.061601
1.588000,11.040929,10.847213,9.627754
1.589000,11.558820,8.735141,9.694392
1.590000,12.836011,10.090390,8.348278
1.591000,10.904738,11.188230,10.846019
1.592000,12.656946,19.022915,6.045055
1.593000,13.064442,21.298330,7.868345
1.594000,15.578601,22.025315,7.699747
1.595000,12.183011,9.561157,8.539799
1.596000,17.214672,4.456847,8.019519
1.597000,19.504482,8.874737,10.681017
1.598000,17.547058,5.666454,7.805492
1.599000,17.414589,5.116955,8.686541
1.600000,17.463742,5.317051,5.931046
1.601000,23.872069,13.098203,9.844551
1.602000,17.956709,7.207166,11.483124
1.603000,23.333996,16.344882,9.764125
1.604000,28.354264,19.603712,11.307365
1.605000,32.048072,17.047247,6.948864
1.606000,27.001459,15.291515,9.378798
1.607000,24.649827,14.908070,8.230225
1.608000,25.305381,12.982764,8.430719
1.609000,27.101472,19.191061,10.794116
1.610000,31.502304,17.281115,10.118392
1.611000,29.254967,19.924246,10.995588
1.612000,35.485819,25.530343,17.822876
1.613000,31.494884,24.977308,18.601438
1.614000,32.713219,29.329460,25.576215
1.615000,34.838411,28.612893,19.032703
1.616000,32.434788,27.072946,17.537621
1.617000,35.554990,29.844981,18.574134
1.618000,35.709851,25.898174,11.874596
1.619000,36.606311,25.380758,16.896354
1.620000,32.105024,22.028819,13.506085
1.621000,31.671420,25.714731,11.146892
1.622000,29.247134,21.573135,7.456194
1.623000,24.804105,15.594294,11.247009
1.624000,28.232192,17.098431,8.058701
1.625000,25.689890,16.109106,11.040082
1.626000,30.156566,18.718177,9.290912
1.627000,26.586951,19.601832,9.608873
1.628000,32.220890,22.199725,9.439994
1.629000,30.718845,20.168957,10.709651
1.630000,32.828575,18.365895,10.787918
1.631000,31.997166,18.567716,10.576761
1.632000,30.153657,18.812283,9.439994
1.633000,29.618854,15.891680,9.355155
1.634000,24.089204,12.616640,9.414841
1.635000,22.402626,13.290360,10.257323
1.636000,20.236453,12.781492,14.393558
1.637000,17.509564,11.026678,14.845485
1.638000,14.222110,7.048742,12.701500
1.639000,12.665819,5.049534,10.623150
1.640000,8.689662,8.512138,12.234545
1.641000,8.768808,10.727266,11.518513
1.642000,13.203258,9.752219,5.144031
1.643000,5.017020,12.299884,4.947820
1.644000,5.296425,14.695373,6.205061
1.645000,14.518671,15.889234,11.274316
1.646000,12.449955,13.172395,7.996174
1.647000,14.684310,12.747562,7.904236
1.648000,13.273042,12.981910,9.407638
1.649000,14.450321,12.248056,6.125407
1.650000,14.807639,13.977867,6.999734
1.651000,16.812657,22.312770,14.877097
1.652000,17.620064,21.090313,11.967564
1.653000,18.025436,20.801886,15.302553
1.654000,14.005865,17.609911,11.229208
1.655000,17.232780,23.436172,14.086540
1.656000,19.833501,22.867485,15.789914
1.657000,23.715956,28.509633,19.940943
1.658000,20.619736,29.086295,18.913319
1.659000,20.798797,26.566417,16.887274
1.660000,18.194453,23.941853,9.464246
1.661000,27.086772,23.958828,13.414492
1.662000,30.210174,28.663567,13.611988
1.663000,36.216277,33.548238,15.137744
1.664000,26.937083,28.523656,20.505079
1.665000,26.155516,27.633493,19.088129
1.666000,30.715261,31.269183,14.643013
1.667000,25.853247,29.697689,14.262541
1.668000,23.988821,32.366494,18.932485
1.669000,18.601335,25.373791,14.241670
1.670000,31.242134,35.272744,25.610501
1.671000,23.979611,32.153155,20.715072
1.672000,20.197249,31.015250,23.321680
1.673000,22.301700,30.398735,22.622585
1.674000,10.785551,21.179404,15.739664
1.675000,10.517893,16.971804,15.530203
1.676000,14.928318,21.636950,18.876143
1.677000,19.343597,20.376430,20.956273
1.678000,22.261232,11.679442,13.122356
1.679000,21.990455,13.051958,13.283454
1.680000,19.461193,16.723158,12.924346
1.681000,23.621938,15.020319,11.215803
1.682000,20.438121,10.674712,11.773050
1.683000,20.478414,7.760794,11.342731
1.684000,24.181527,10.716691,13.534997
1.685000,18.703628,8.909741,9.129233
1.686000,17.149223,9.322856,9.178193
1.687000,14.887849,9.314333,7.631492
1.688000,13.242786,9.900002,7.593569
1.689000,14.329742,8.898512,6.371051
1.690000,17.124781,11.238238,8.267022
1.691000,18.068341,9.221734,9.730883
1.692000,23.171752,16.069360,8.869383
1.693000,30.003164,19.253095,14.071452
1.694000,33.012955,24.164327,13.229108
1.695000,26.062267,26.560002,14.438404
1.696000,28.723866,18.914148,10.595383
1.697000,28.878404,20.707405,10.459644
1.698000,25.004600,17.495617,10.394615
1.699000,29.431149,24.049439,11.481376
1.700000,30.544440,24.387543,10.791670
1.701000,30.041012,27.822460,15.425318
1.702000,22.777477,21.802279,8.747398
1.703000,17.508970,23.771214,8.307957
1.704000,14.334928,24.740864,8.183550
1.705000,19.528762,21.615449,7.803910
1.706000,15.491990,26.217530,12.610437
1.707000,16.373869,26.871673,11.593804
1.708000,19.891291,26.513455,11.790378
1.709000,31.006172,21.090905,8.420388
1.710000,38.548982,27.260850,15.159073
1.711000,36.226808,24.286414,13.544830
1.712000,28.815021,20.076603,10.541953
1.713000,36.441779,25.073366,20.043837
1.714000,35.940253,26.250409,21.050548
1.715000,31.794482,27.845559,19.667905
1.716000,29.497832,27.497940,24.775351
1.717000,26.052242,28.459466,20.208096
1.718000,22.893031,28.552435,18.574819
1.719000,25.246845,30.537351,18.570287
1.720000,29.298799,28.882501,23.499243
1.721000,29.341461,27.879313,24.050699
1.722000,26.298245,24.678388,17.983370
1.723000,27.046315,26.074640,19.431041
1.724000,22.274428,27.651577,19.796124
1.725000,19.437300,27.185345,21.464046
1.726000,20.689084,24.356701,19.088531
1.727000,20.033763,22.012773,7.185473
1.728000,19.062454,21.010709,10.370365
1.729000,16.861858,22.780465,8.322675
1.730000,17.212379,20.289524,8.714373
1.731000,18.514479,19.900909,18.193788
1.732000,19.867879,20.460941,15.925163
1.733000,19.899023,21.157032,14.752378
1.734000,19.918434,25.040204,20.251839
1.735000,24.407819,23.557188,20.289101
1.736000,20.557913,22.425131,29.815161
1.737000,19.661741,23.015521,22.831924
1.738000,17.827254,17.013318,14.658498
1.739000,16.298437,21.115298,16.683430
1.740000,21.327664,21.458418,14.168295
1.741000,11.945324,19.263367,10.003373
1.742000,20.458738,29.001737,15.730120
1.743000,17.174482,24.851592,14.871400
1.744000,14.603647,21.042682,13.731515
1.745000,21.422368,24.199017,16.102422
1.746000,11.479055,23.143827,15.664502
1.747000,24.737896,34.253772,22.972587
1.748000,34.812019,34.294481,20.295832
1.749000,33.984839,42.479706,25.266358
1.750000,42.442315,40.609091,21.950921
1.751000,45.971004,47.273939,26.575782
1.752000,45.263606,47.495109,30.578626
1.753000,43.850137,42.777703,26.083909
1.754000,44.588922,37.285502,25.429734
1.755000,40.658319,31.659736,22.095084
1.756000,38.487471,28.783718,22.721645
1.757000,32.597269,31.221411,14.770257
1.758000,32.854938,32.921020,11.740067
1.759000,38.330730,35.988269,20.422718
1.760000,38.530176,34.526308,12.515356
1.761000,32.390508,39.967801,15.512977
1.762000,39.257452,40.329704,19.326592
1.763000,41.907450,44.147128,19.561762
1.764000,46.134054,40.799007,16.103267
1.765000,37.923108,32.726894,12.304900
1.766000,41.863629,35.745694,14.681959
1.767000,43.180416,43.006393,17.656496
1.768000,39.792302,43.065788,18.302133
1.769000,30.986630,40.735271,14.929329
1.770000,27.009384,35.254667,17.266805
1.771000,28.126672,26.652995,15.225939
1.772000,27.713046,27.620526,19.362953
1.773000,28.053932,19.457226,19.595768
1.774000,27.630493,19.640007,16.317229
1.775000,32.573523,25.076290,18.085339
1.776000,38.417183,32.143998,24.597863
1.777000,35.061475,26.217068,20.390348
1.778000,38.270099,24.747911,19.320095
1.779000,39.299980,29.406462,26.034289
1.780000,38.441121,31.158691,25.746365
1.781000,37.302956,37.074286,23.192995
1.782000,36.327426,30.974323,25.916319
1.783000,28.712607,26.548645,27.975496
1.784000,25.711261,26.834488,21.613080
1.785000,32.220151,32.410815,24.762283
1.786000,32.693364,29.704657,22.338372
1.787000,32.388371,29.643275,14.704616
1.788000,29.763538,38.495357,19.620593
1.789000,25.044656,36.420905,21.535749
1.790000,21.632003,34.384812,19.543035
1.791000,24.490782,29.635345,16.209289
1.792000,33.301853,36.098793,20.527223
1.793000,23.979144,32.034051,19.071760
1.794000,17.813292,23.907782,18.489195
1.795000,22.881534,23.903721,17.177447
1.796000,26.390582,30.235750,16.578817
1.797000,27.523384,27.646877,20.125810
1.798000,26.365843,30.191296,22.755110
1.799000,28.957307,34.197565,17.899115
1.800000,21.692087,26.261448,13.590310
1.801000,25.816338,29.636898,17.753952
1.802000,22.632826,26.811810,14.479777
1.803000,24.489676,23.334420,25.052881
1.804000,17.095196,21.830958,15.209966
1.805000,17.547026,22.251290,13.716455
1.806000,18.706929,16.300679,23.498669
1.807000,17.830204,21.800216,19.671696
1.808000,21.790974,20.909198,22.740468
1.809000,27.895260,27.078225,30.195788
1.810000,28.234952,21.213544,25.243420
1.811000,25.114416,16.820827,25.688623
1.812000,17.432198,15.791717,25.517415
1.813000,15.719903,11.885325,15.354276
1.814000,16.983005,15.982771,11.483170
1.815000,16.456206,13.084396,12.043199
1.816000,18.230023,16.947150,18.835899
1.817000,17.442211,14.209675,12.360446
1.818000,18.952739,13.543747,11.804158
1.819000,31.996711,17.315531,9.524356
1.820000,31.861709,22.474548,16.903110
1.821000,33.848385,22.724135,13.816145
1.822000,35.709209,27.676848,12.083477
1.823000,32.264672,22.969598,10.870921
1.824000,24.413536,13.634321,15.795384
1.825000,22.806980,10.893564,13.976988
1.826000,22.699091,14.873986,13.623863
1.827000,30.517119,19.326618,16.913540
1.828000,30.889838,20.212693,21.766903
1.829000,29.896063,17.806483,16.680993
1.830000,35.281513,22.686147,13.999098
1.831000,40.800213,25.815251,14.740762
1.832000,39.984016,25.456510,16.415431
1.833000,39.911002,25.056424,18.236990
1.834000,39.208049,28.752866,15.597953
1.835000,35.585226,23.455946,18.432621
1.836000,39.758686,28.363308,18.021432
1.837000,44.188682,32.164706,21.769630
1.838000,37.176122,22.456144,24.832046
1.839000,32.342857,23.350585,20.078632
1.840000,35.060921,21.198107,20.178099
1.841000,30.860520,26.690130,18.499668
1.842000,29.876534,22.813339,14.124635
1.843000,35.223971,26.340272,16.403511
1.844000,31.585216,21.042799,15.180826
1.845000,32.740094,17.881224,18.742810
1.846000,29.952250,15.654847,16.798855
1.847000,39.529731,25.726328,23.282186
1.848000,35.785571,23.628330,22.704330
1.849000,34.010373,20.854017,22.677121
1.850000,31.051543,15.361304,18.214491
1.851000,27.106842,12.651724,18.501069
1.852000,11.439716,9.240778,21.929304
1.853000,9.751633,6.922188,24.533364
1.854000,5.176010,7.098057,22.093400
1.855000,6.179303,7.469372,19.962447
1.856000,11.488036,5.904248,18.166947
1.857000,8.516353,6.107685,22.580574
1.858000,5.749291,6.503260,23.030261
1.859000,5.240081,6.901121,19.134470
1.860000,5.608287,7.541393,14.852340
1.861000,12.545088,7.130353,14.130205
1.862000,10.656347,7.813012,13.118317
1.863000,8.165089,9.171023,16.762622
1.864000,4.986587,8.364625,17.142025
1.865000,4.967595,10.477727,14.860305
1.866000,6.567205,8.052586,18.754410
1.867000,5.196894,9.657878,24.569398
1.868000,6.872162,6.978159,21.394442
1.869000,7.889742,9.296600,21.186973
1.870000,9.016556,9.168337,20.310852
1.871000,13.794857,4.572963,17.336222
1.872000,19.679046,6.920140,20.721164
1.873000,19.549322,5.601955,20.013918
1.874000,20.314434,7.833506,15.280171
1.875000,20.217307,8.501127,18.594591
1.876000,20.392587,9.320583,14.314661
1.877000,16.356028,7.918299,17.298964
1.878000,20.673175,8.432211,16.479765
1.879000,22.202406,11.937667,13.388615
1.880000,23.769674,12.621503,5.342078
1.881000,19.219326,11.586131,5.748457
1.882000,20.097332,10.047938,5.253277
1.883000,22.542721,14.222359,4.849746
1.884000,26.117459,18.197884,5.539449
1.885000,32.691584,18.746492,11.390463
1.886000,32.475576,20.475347,7.090971
1.887000,28.621670,18.682548,11.385306
1.888000,31.321108,24.930261,12.214331
1.889000,33.862749,25.311412,10.266902
1.890000,38.991474,27.111686,11.110358
1.891000,30.245325,22.378324,8.471571
1.892000,26.738515,21.176389,9.475599
1.893000,22.739036,23.885512,8.898312
1.894000,22.246436,23.147338,6.361143
1.895000,32.043907,21.634514,8.415072
1.896000,26.411794,23.506093,3.811629
1.897000,27.713396,23.019357,5.827112
1.898000,23.796489,19.089114,5.074090
1.899000,25.703932,22.975111,6.604891
1.900000,29.416571,20.407116,13.418555
1.901000,31.358763,22.482379,14.433534
1.902000,38.764316,30.053297,26.328542
1.903000,33.945956,32.149577,24.913675
1.904000,41.734437,29.642700,20.857669
1.905000,46.758954,36.239166,22.877889
1.906000,36.603884,35.564247,21.082099
1.907000,33.029488,29.930835,18.174171
1.908000,22.695600,30.680596,16.706341
1.909000,27.392851,32.347994,17.914194
1.910000,37.357860,38.254003,19.916487
1.911000,44.809939,38.040609,21.779334
1.912000,43.071566,37.444043,26.313776
1.913000,31.733990,27.157941,21.202091
1.914000,39.373021,35.669259,24.428590
1.915000,39.593182,34.782906,25.024706
1.916000,33.420610,28.842443,22.467907
1.917000,28.797101,29.476866,20.678100
1.918000,18.975295,24.514596,15.494493
1.919000,21.723786,29.300466,18.023076
1.920000,16.671362,26.138824,14.497996
1.921000,18.568717,31.189843,17.506448
1.922000,22.859105,32.824836,18.720441
1.923000,20.561987,32.001181,20.442361
1.924000,25.101672,30.139779,22.020751
1.925000,34.878687,32.569022,25.873311
1.926000,29.653472,32.908692,24.206660
1.927000,29.582300,38.320793,24.260211
1.928000,33.557422,46.667008,30.431447
1.929000,32.820451,46.866692,28.939719
1.930000,48.668411,53.963457,30.732671
1.931000,45.946629,44.576250,27.407535
1.932000,33.606604,33.339315,13.678915
1.933000,37.522281,35.293454,13.703470
1.934000,44.540083,35.424778,26.402001
1.935000,34.825325,29.602183,22.603329
1.936000,37.648978,36.547957,25.096464
1.937000,44.669359,36.103843,21.619000
1.938000,53.589930,43.623439,23.283098
1.939000,46.917642,41.295658,26.346027
1.940000,49.272403,44.780940,23.009348
1.941000,57.245473,47.275790,25.656114
1.942000,48.487103,46.162897,26.201715
1.943000,50.233342,53.583480,26.782635
1.944000,36.070283,42.328500,29.686574
1.945000,45.307162,46.863746,27.753643
1.946000,45.138815,48.249565,28.908366
1.947000,45.989943,51.740404,32.530086
1.948000,42.129811,42.922669,30.980438
1.949000,45.421767,41.533870,24.352091
1.950000,48.683854,38.275815,29.584470
1.951000,47.034613,34.454244,19.860483
1.952000,50.498803,41.983936,22.047074
1.953000,49.249424,40.762362,21.314259
1.954000,56.584726,46.056002,19.070499
1.955000,52.537641,37.606238,24.622989
1.956000,48.969854,38.025479,21.327879
1.957000,39.587805,33.477920,20.836880
1.958000,38.045081,34.830201,19.734866
1.959000,43.057792,30.954053,19.359862
1.960000,39.235331,25.805148,15.921233
1.961000,31.533759,23.904556,11.480591
1.962000,35.420631,29.036953,22.561768
1.963000,47.670143,41.284759,17.587482
1.964000,45.059646,34.171324,25.563873
1.965000,46.713322,35.479583,23.211497
1.966000,40.578104,31.446983,17.896635
1.967000,37.384015,30.974460,15.088751
1.968000,32.333735,26.774103,8.375873
1.969000,26.484925,26.232003,8.823684
1.970000,29.140523,24.931885,8.888422
1.971000,17.982325,22.550036,8.269340
1.972000,23.239620,27.362794,10.593894
1.973000,17.052007,25.347058,10.007534
1.974000,16.257512,20.613094,7.061572
1.975000,19.277728,19.590563,10.532220
1.976000,14.118031,24.054171,13.384408
1.977000,17.411074,27.844553,17.439060
1.978000,24.141667,36.330272,26.740570
1.979000,27.310731,40.990231,27.839753
1.980000,25.136982,37.966123,28.228513
1.981000,22.890175,35.987283,27.032695
1.982000,25.954177,32.658746,27.617852
1.983000,26.670052,40.376742,30.031160
1.984000,22.038026,34.384099,27.486727
1.985000,16.018696,31.254646,28.345642
1.986000,18.530045,24.318026,23.761127
1.987000,18.172853,21.151443,23.043996
1.988000,14.362523,19.641245,20.460364
1.989000,11.888538,12.465450,21.824937
1.990000,16.828085,12.076604,21.341925
1.991000,16.875707,14.423091,25.601505
1.992000,26.571094,17.123578,24.027550
1.993000,22.383304,13.250642,21.053452
1.994000,21.669792,22.500671,21.668177
1.995000,14.318357,13.786420,21.435316
1.996000,12.156170,15.143234,20.160599
1.997000,14.853545,24.693357,22.672639
1.998000,14.013857,25.838191,24.580953
1.999000,21.625421,21.306884,19.501083
